<?xml version="1.0" encoding="UTF-8"?>
<odoo>
	<data noupdate="1">
        <record id="sequence_mrp_missing_items" model="ir.sequence">
            <field name="name">Missing Items</field>
            <field name="code">mrp.missing.items.code</field>
			<field name="prefix">MI</field>
            <field eval="5" name="padding"/>
            <field name="number_increment">1</field>
            <field name="number_next">1</field>
            <field name="company_id" eval="False"/>
        </record>
    </data>
</odoo>
